,pearson,pearson,pearson,pearson,pearson,pearson,spearman,spearman,spearman,spearman,spearman,spearman
,youth_share,proxy_level_mean,proxy_level_peak,traffic_mean_12m,traffic_peak_summer,traffic_yoy,youth_share,proxy_level_mean,proxy_level_peak,traffic_mean_12m,traffic_peak_summer,traffic_yoy
youth_share,1.0,0.2632257878731143,0.2632257878731143,0.2632257878731143,0.2632257878731143,-0.2632257878731143,1.0,0.3105295017040594,0.3105295017040594,0.3105295017040594,0.3105295017040594,-0.3105295017040594
proxy_level_mean,0.2632257878731143,1.0,1.0000000000000002,1.0,1.0000000000000002,-1.0,0.3105295017040594,1.0,1.0,1.0,1.0,-1.0
proxy_level_peak,0.2632257878731143,1.0000000000000002,1.0,1.0,1.0,-1.0000000000000002,0.3105295017040594,1.0,1.0,1.0,1.0,-1.0
traffic_mean_12m,0.2632257878731143,1.0,1.0,1.0,1.0,-1.0,0.3105295017040594,1.0,1.0,1.0,1.0,-1.0
traffic_peak_summer,0.2632257878731143,1.0000000000000002,1.0,1.0,1.0,-1.0,0.3105295017040594,1.0,1.0,1.0,1.0,-1.0
traffic_yoy,-0.2632257878731143,-1.0,-1.0000000000000002,-1.0,-1.0,1.0,-0.3105295017040594,-1.0,-1.0,-1.0,-1.0,1.0
